{
  "project_info": {
    "project_number": "174778372832",
    "firebase_url": "https://new-gravote-2020.firebaseio.com",
    "project_id": "new-gravote-2020",
    "storage_bucket": "new-gravote-2020.appspot.com"
  },
  "client": [
    {
      "client_info": {
        "mobilesdk_app_id": "1:174778372832:android:12970b2fac20dc76fa3685",
        "android_client_info": {
          "package_name": "com.ksmandroid.gravoteadmin"
        }
      },
      "oauth_client": [
        {
          "client_id": "174778372832-uibuhi474ju5c3ds5of4kelf72ls4ktm.apps.googleusercontent.com",
          "client_type": 1,
          "android_info": {
            "package_name": "com.ksmandroid.gravoteadmin",
            "certificate_hash": "faf2219366c67af40a05c76143ca21b561ff5de8"
          }
        },
        {
          "client_id": "174778372832-skkuccs11kkfjjbq8iu3fsp241qsbei5.apps.googleusercontent.com",
          "client_type": 3
        }
      ],
      "api_key": [
        {
          "current_key": "AIzaSyDA8lo6zwT1vdw27OPO5LtBUrns23LF0Og"
        }
      ],
      "services": {
        "appinvite_service": {
          "other_platform_oauth_client": [
            {
              "client_id": "174778372832-skkuccs11kkfjjbq8iu3fsp241qsbei5.apps.googleusercontent.com",
              "client_type": 3
            }
          ]
        }
      }
    },
    {
      "client_info": {
        "mobilesdk_app_id": "1:174778372832:android:9880a2161e49c40cfa3685",
        "android_client_info": {
          "package_name": "com.ksmandroid.gravoteadmin.staging"
        }
      },
      "oauth_client": [
        {
          "client_id": "174778372832-66mdn6mnfvnn5lkm76pb2uc0ql1ljdak.apps.googleusercontent.com",
          "client_type": 1,
          "android_info": {
            "package_name": "com.ksmandroid.gravoteadmin.staging",
            "certificate_hash": "faf2219366c67af40a05c76143ca21b561ff5de8"
          }
        },
        {
          "client_id": "174778372832-skkuccs11kkfjjbq8iu3fsp241qsbei5.apps.googleusercontent.com",
          "client_type": 3
        }
      ],
      "api_key": [
        {
          "current_key": "AIzaSyDA8lo6zwT1vdw27OPO5LtBUrns23LF0Og"
        }
      ],
      "services": {
        "appinvite_service": {
          "other_platform_oauth_client": [
            {
              "client_id": "174778372832-skkuccs11kkfjjbq8iu3fsp241qsbei5.apps.googleusercontent.com",
              "client_type": 3
            }
          ]
        }
      }
    }
  ],
  "configuration_version": "1"
}